sample_id,timestamp,GPU_freq_set,power_cpu_w,power_gpu_w,power_mem_w,total_cpu_time_s,total_mem_access,total-llc-misses
52,0.00,1300,1.698,1.37,1.269,0.006,453032,0.00972
53,0.05,1300,1.764,1.282,1.2717142857142858,0.052,43844356,1.90422
54,0.10,1300,1.754125,1.294375,1.285625,0.063,44062013,0.05974
55,0.15,1300,1.6872857142857145,1.37,1.269,0.028,20831017,0.01986
56,0.20,1300,1.7205714285714286,1.282,1.2717142857142858,0.0859999999999999,66828086,1.92582
57,0.25,1300,1.687,1.342375,1.2771428571428571,0.001,400142,0.04358
58,0.30,1300,1.6105714285714288,1.3808571428571428,1.269,0.0539999999999999,50464434,2.22172
59,0.35,1300,1.644,1.271,1.269,0.03,11270167,0.26732
60,0.40,1300,1.655,1.304,1.269,0.055,34328985,0.06658
61,0.45,1300,1.5725,1.4027142857142858,1.269,0.002,402853,0.01966
62,0.50,1300,1.655,1.275125,1.269,0.11,87727322,1.99166
63,0.55,1300,1.622,1.358857142857143,1.269,0.002,389318,0.04336
64,0.60,1300,1.567,1.3808571428571428,1.269,0.006,2082500,0.02654
65,0.65,1300,1.6495,1.28475,1.269,0.1119999999999999,83177943,0.0548
66,0.70,1300,1.6,1.3807142857142858,1.269,0.002,439205,0.01676
67,0.75,1300,1.601375,1.3808571428571428,1.269,0.016,9446045,0.01058
68,0.80,1300,1.688,1.294375,1.276125,0.108,77917734,0.04182
69,0.85,1300,1.6327142857142858,1.4134285714285713,1.269,0.009,3864988,0.00986
70,0.90,1300,1.622,1.359,1.269,0.016,13149265,0.01352
71,0.95,1300,1.71625,1.294375,1.27375,0.099,68999573,0.01734
72,1.00,1300,1.619625,1.4135714285714287,1.269,0.006,381095,0.01
73,1.05,1300,1.621714285714286,1.3425,1.269,0.0249999999999999,23045778,0.01986
74,1.10,1300,1.665,1.326,1.269,0.083,65191317,1.92618
75,1.15,1300,1.56275,1.419,1.269,0.001,439298,0.04838
76,1.21,1300,1.6366666666666667,1.3425,1.260857142857143,0.052,39906996,0.05556
77,1.25,1300,1.665,1.337,1.2717142857142858,0.0609999999999999,45882168,0.01868
78,1.31,1300,1.610625,1.4285,1.269,0.005,428610,0.01344
79,1.36,1300,1.655,1.326,1.269,0.1019999999999999,87243385,1.88782
80,1.41,1300,1.633,1.3807142857142858,1.2744285714285712,0.004,387588,0.04448
81,1.46,1300,1.582125,1.419,1.269,0.002,908170,0.03724
82,1.51,1300,1.6658571428571427,1.315,1.2717142857142858,0.1149999999999999,86808725,0.05218
83,1.56,1300,1.632,1.4025714285714286,1.269,0.007,484516,0.0155
84,1.61,1300,1.611,1.4095,1.269,0.012,8026206,0.01572
85,1.66,1300,1.6875714285714287,1.315,1.269,0.104,77810854,0.02048
86,1.71,1300,1.632,1.4352857142857145,1.269,0.005,415932,0.01542
87,1.76,1300,1.6366666666666667,1.4063333333333332,1.269,0.019,17855565,0.01596
88,1.81,1300,1.716375,1.32325,1.269,0.097,68147318,0.01316
89,1.86,1300,1.630125,1.4461428571428572,1.269,0.006,857551,0.01112
90,1.91,1300,1.688,1.390375,1.266625,0.0419999999999999,39918487,0.50404
91,1.96,1300,1.6987142857142858,1.3807142857142858,1.269,0.0759999999999999,60286036,0.28292
92,2.01,1300,1.611,1.479,1.258142857142857,0.0089999999999999,574409,0.04124
93,2.06,1300,1.6685,1.3808571428571428,1.2527142857142857,0.0589999999999999,44884475,0.05042
94,2.11,1300,1.654,1.39025,1.261875,0.0609999999999999,42327623,0.01504
95,2.16,1300,1.6102857142857143,1.479,1.25,0.003,393275,0.00964
96,2.21,1300,1.659,1.36175,1.2595,0.104,87507872,1.68832
97,2.26,1300,1.5775714285714286,1.4572857142857143,1.2554285714285711,0.003,414906,0.06098
98,2.31,1300,1.562875,1.4571428571428573,1.25,0.008,4419659,0.01184
99,2.36,1300,1.6437142857142857,1.371375,1.2595,0.101,80939845,0.05028
100,2.41,1300,1.5558571428571428,1.501,1.25,0.006,457459,0.02154
101,2.46,1300,1.588857142857143,1.4352857142857145,1.25,0.019,15090953,0.0098
102,2.51,1300,1.665142857142857,1.391857142857143,1.2635714285714286,0.095,71925080,0.01882
103,2.56,1300,1.6005,1.485875,1.25,0.003,472063,0.01672
104,2.61,1300,1.6328571428571428,1.4135714285714287,1.25,0.096,72525222,0.9758
105,2.66,1300,1.773375,1.38075,1.269,0.0759999999999999,26502549,2.01072
106,2.71,1300,1.8182857142857145,1.49,1.269,0.055,20312505,6.41018
107,2.77,1300,1.9555,1.390375,1.285625,0.1679999999999999,74797534,13.32454
108,2.82,1300,2.166375,1.38975,1.307,0.1799999999999999,80353801,8.2503
109,2.87,1300,2.272125,1.457,1.3212857142857142,0.115,57636992,3.49908
110,2.92,1300,2.399142857142857,1.3415,1.321875,0.171,85404166,10.63264
111,2.97,1300,2.4925,1.402,1.346,0.0859999999999999,25602775,5.32884
112,3.02,1300,2.498,1.4185,1.334125,0.065,29431613,2.18742
113,3.07,1300,2.5975,1.331875,1.3432857142857142,0.1799999999999999,108463982,8.31514
114,3.12,1300,2.6061428571428573,1.435,1.346,0.0819999999999999,35524462,8.34168
115,3.18,1300,2.6146,1.3569,1.346,0.113,70043438,2.62298
116,3.23,1300,2.629142857142857,1.325,1.346,0.126,38153262,1.42756
117,3.28,1300,2.531,1.4185,1.346,0.032,24420052,0.06092
118,3.34,1300,2.5975,1.314,1.3378571428571429,0.155,82427758,1.72084
119,3.39,1300,2.574428571428572,1.35125,1.346,0.076,11896496,0.25564
120,3.44,1300,2.5975,1.36075,1.334125,0.065,11910419,1.19276
121,3.48,1300,2.629,1.281285714285714,1.3351428571428572,0.1729999999999999,96216275,7.6917
122,3.54,1300,2.607,1.370375,1.346,0.037,2904475,0.51316
123,3.59,1300,2.629,1.314,1.34125,0.132,47585435,4.7643
124,3.64,1300,2.684,1.274625,1.346,0.143,82685430,5.32646
125,3.69,1300,2.635625,1.351125,1.346,0.1,31502813,5.41312
126,3.74,1300,2.695,1.248714285714286,1.346,0.135,66191190,10.09848
127,3.79,1300,2.684,1.2377142857142858,1.365,0.144,83716490,19.40576
128,3.84,1300,2.578125,1.312625,1.36025,0.021,5330605,3.00276
129,3.90,1300,2.419777777777778,1.2013333333333334,1.346,0.099,94303775,8.08556
130,3.95,1300,2.2787142857142855,1.2485714285714289,1.338875,0.019,14931999,0.12082
131,4.00,1300,2.147,1.2704285714285712,1.3241428571428573,0.008,5375468,0.01602
132,4.05,1300,2.175875,1.20775,1.3241428571428573,0.099,78771217,0.0925
133,4.10,1300,2.081857142857143,1.3142857142857145,1.3145,0.008,417677,0.01414
134,4.15,1300,2.071,1.249,1.307,0.08,73388446,1.54462
135,4.20,1300,2.003625,1.28475,1.307,0.027,17105523,0.08532
136,4.25,1300,1.917,1.326,1.2934285714285714,0.006,1701656,0.0245
137,4.30,1300,1.95,1.238,1.2934285714285714,0.096,86730926,1.87846
138,4.35,1300,1.85925,1.3425,1.288,0.005,440004,0.04718
139,4.40,1300,1.84,1.282,1.2825714285714287,0.04,32930544,1.8269
140,4.45,1300,1.8402857142857143,1.282,1.288,0.062,55081741,0.06798
141,4.50,1300,1.764,1.352125,1.276125,0.005,464352,0.04306
142,4.55,1300,1.8182857142857145,1.26,1.2798571428571428,0.101,90698388,1.53224
143,4.60,1300,1.735,1.359,1.2771428571428571,0.004,440147,0.06906
144,4.65,1300,1.7486,1.3296666666666668,1.269,0.023,21103490,0.05066
145,4.70,1300,1.773375,1.255875,1.276125,0.0899999999999999,64643434,0.04092
146,4.75,1300,1.687,1.381,1.269,0.005,407242,0.01422
147,4.80,1300,1.731142857142857,1.282,1.269,0.107,85118343,0.04002
148,4.85,1300,1.676,1.332875,1.271375,0.007,546594,0.02514
149,4.90,1300,1.643857142857143,1.348,1.269,0.009,7393385,0.01468
150,4.95,1300,1.6975,1.275125,1.269,0.098,84334757,1.60968
151,5.00,1300,1.611,1.381,1.269,0.003,432449,0.07084
152,5.05,1300,1.644,1.304,1.269,0.0449999999999999,40804314,1.85098
153,5.10,1300,1.648875,1.313625,1.269,0.059,47454323,0.078
154,5.15,1300,1.6325714285714286,1.348,1.269,0.006,572201,0.01192
155,5.20,1300,1.68775,1.271,1.269,0.097,87449801,1.8086
156,5.25,1300,1.6214285714285714,1.37125,1.269,0.006,488987,0.09046
157,5.30,1300,1.622,1.326,1.260857142857143,0.03,22337850,0.01712
158,5.35,1300,1.659125,1.32325,1.269,0.08,68943840,1.58674
159,5.40,1300,1.589,1.4027142857142858,1.26425,0.003,408665,0.0285
160,5.45,1300,1.644,1.282,1.2595,0.1099999999999999,85386671,0.07398
161,5.50,1300,1.6,1.369714285714286,1.269,0.002,483460,0.01192
162,5.55,1300,1.567,1.3808571428571428,1.260857142857143,0.007,3830015,0.01486
163,5.60,1300,1.6495,1.304,1.2662857142857142,0.101,81625003,0.02118
164,5.65,1300,1.5558571428571428,1.4027142857142858,1.269,0.004,470172,0.01684
165,5.70,1300,1.578,1.3553333333333333,1.25,0.0219999999999999,18970211,0.01256
166,5.75,1300,1.644,1.313625,1.266625,0.0929999999999999,68921008,0.01396
167,5.80,1300,1.534,1.4135714285714287,1.2527142857142857,0.002,410257,0.03388
168,5.85,1300,1.582125,1.332875,1.2527142857142857,0.0589999999999999,55255799,1.88756
169,5.90,1300,1.578,1.369714285714286,1.2595,0.0429999999999999,33006441,0.0524
170,5.95,1300,1.534,1.4027142857142858,1.25,0.005,410076,0.0333
171,6.01,1300,1.601375,1.304,1.261875,0.102,87727748,1.80112
172,6.05,1300,1.534,1.4027142857142858,1.258142857142857,0.004,448042,0.08732
173,6.11,1300,1.545,1.337,1.25,0.02,20222071,0.0185
174,6.16,1300,1.601375,1.313625,1.26425,0.086,72451316,1.61
175,6.21,1300,1.534,1.3808571428571428,1.2554285714285711,0.006,403055,0.0461
176,6.26,1300,1.633,1.282,1.258142857142857,0.107,85389370,0.06742
177,6.31,1300,1.5725,1.352125,1.269,0.004,484412,0.01162
178,6.36,1300,1.5853333333333333,1.3168333333333333,1.25,0.018,18317304,0.01574
179,6.41,1300,1.659125,1.2655,1.269,0.09,67352197,0.0149
180,6.46,1300,1.620625,1.326,1.269,0.006,444647,0.0141
181,6.51,1300,1.726,1.238,1.269,0.112,87626651,0.02126
182,6.56,1300,1.6495,1.294375,1.269,0.002,522082,0.00732
183,6.61,1300,1.6988571428571428,1.238,1.269,0.0289999999999999,27975995,0.01824
184,6.66,1300,1.7097142857142855,1.249142857142857,1.2771428571428571,0.079,57810742,0.00944
185,6.71,1300,1.688,1.24625,1.269,0.026,16664925,0.01552
186,6.76,1300,1.7355,1.1945714285714286,1.2798571428571428,0.0859999999999999,68731993,0.01496
187,6.81,1300,1.688,1.24625,1.269,0.009,2529137,0.01018
188,6.86,1300,1.7422857142857142,1.1727142857142858,1.2744285714285712,0.102,89316169,1.52876
189,6.91,1300,1.688,1.236625,1.269,0.004,468074,0.06806
190,6.96,1300,1.7513333333333332,1.1636666666666668,1.2753333333333332,0.11,85084433,0.06766
191,7.01,1300,1.707,1.1985,1.280875,0.005,660591,0.04396
192,7.06,1300,1.745,1.141375,1.271375,0.051,39191277,0.01868
193,7.11,1300,1.773625,1.160375,1.280875,0.082,68290425,0.01764
194,7.16,1300,1.775,1.118,1.269,0.0129999999999999,9652729,0.0149
195,7.21,1300,1.841,1.1125,1.288,0.0849999999999999,57708810,0.01286
196,7.26,1300,1.841,1.102875,1.27375,0.025,20460060,0.00908
197,7.31,1300,1.869625,1.102875,1.288,0.081,65206219,0.01658
198,7.36,1300,1.841,1.085,1.2717142857142858,0.0529999999999999,51069929,0.00782
199,7.41,1300,1.879125,1.05475,1.285625,0.0539999999999999,34362653,0.01276
200,7.46,1300,1.841,1.074,1.276125,0.009,7647748,0.00928
201,7.51,1300,1.879125,1.01625,1.28325,0.106,80535097,0.00884
202,7.56,1300,1.8405714285714287,1.074,1.2744285714285712,0.004,559453,0.00764
203,7.61,1300,1.888625,1.006625,1.276125,0.109,85747921,0.91326
204,7.66,1300,1.840125,1.074,1.280875,0.003,520953,0.05174
205,7.71,1300,1.8735714285714289,1.008,1.2753333333333332,0.105,85018543,0.02896
206,7.76,1300,1.7965714285714287,1.074,1.288,0.003,473091,0.0078
207,7.81,1300,1.84,1.0611666666666668,1.2753333333333332,0.079,69134689,0.01874
208,7.86,1300,1.84975,1.064375,1.288,0.036,19057568,0.00772
209,7.91,1300,1.7967142857142857,1.074,1.2798571428571428,0.032,27981536,0.03004
210,7.96,1300,1.830625,1.0355,1.285625,0.08,58004210,0.01376
211,8.01,1300,1.764,1.129,1.285285714285714,0.003,398476,0.00874
212,8.06,1300,1.7965714285714287,1.052,1.2798571428571428,0.096,79515395,0.01894
213,8.11,1300,1.7857142857142858,1.129,1.288,0.013,6385485,0.00778
214,8.16,1300,1.764,1.129,1.2717142857142858,0.0299999999999999,30109967,0.01726
215,8.21,1300,1.8291428571428567,1.096,1.285285714285714,0.084,58313010,0.0107
216,8.26,1300,1.764,1.208,1.285625,0.007,522554,0.00984
217,8.31,1300,1.7893333333333332,1.1253333333333333,1.2753333333333332,0.069,56887932,0.01816
218,8.36,1300,1.744625,1.21775,1.288,0.04,29152864,0.008
219,8.41,1300,1.709,1.2161428571428572,1.2785,0.007,6360716,0.01354
220,8.46,1300,1.764,1.1605,1.28325,0.1029999999999999,79910330,0.01778
221,8.51,1300,1.687,1.282,1.285285714285714,0.019,10833219,0.00842
222,8.56,1300,1.687,1.2526666666666668,1.269,0.01,9338416,0.0144
223,8.62,1300,1.74475,1.208125,1.285625,0.093,68416450,0.00836
224,8.67,1300,1.677375,1.332875,1.271375,0.003,482611,0.0074
225,8.71,1300,1.72,1.2526666666666668,1.272166666666667,0.053,42470374,0.01464
226,8.77,1300,1.698,1.294375,1.276125,0.0539999999999999,43091491,0.0091
227,8.82,1300,1.676,1.326,1.269,0.069,50647730,0.12524
228,8.87,1300,1.8402222222222224,1.2355555555555555,1.2774444444444444,0.107,53799641,2.62684
229,8.92,1300,1.884,1.337,1.288,0.0889999999999999,28175288,0.22772
230,8.97,1300,1.97475,1.2655,1.288,0.042,12734113,3.40504
231,9.03,1300,2.070875,1.246,1.304625,0.153,81529879,5.7241
232,9.08,1300,2.18,1.314,1.307,0.165,61532347,8.8557
233,9.12,1300,2.36775,1.2365,1.3145,0.107,47385176,9.39496
234,9.18,1300,2.405875,1.255375,1.327,0.116,57854236,1.61774
235,9.23,1300,2.4925,1.246,1.327,0.172,95088245,11.56276
236,9.28,1300,2.607,1.194,1.346,0.095,40424355,2.07086
237,9.33,1300,2.607,1.2745,1.3365,0.048,5598932,0.06572
238,9.38,1300,2.607,1.178875,1.327,0.152,83590441,1.96948
239,9.43,1300,2.635875,1.178875,1.329375,0.087,26689983,3.58536
240,9.48,1300,2.695,1.194,1.3297142857142858,0.106,39196440,8.1934
241,9.53,1300,2.865375,1.15,1.348375,0.197,113790554,9.9681
242,9.58,1300,2.913,1.217375,1.353125,0.0909999999999999,33759687,4.1248
243,9.63,1300,2.946,1.139,1.3523333333333332,0.143,105910914,4.0346
244,9.68,1300,2.913,1.205,1.35075,0.055,7402426,0.531
245,9.73,1300,2.913,1.161,1.346,0.117,55962449,6.77902
246,9.78,1300,2.93225,1.140375,1.357875,0.131,82749892,5.43594
247,9.83,1300,2.836,1.178875,1.346,0.0899999999999999,52931225,4.00778
248,9.88,1300,2.89375,1.121125,1.362625,0.156,65379730,8.94512
249,9.93,1300,2.903375,1.1885,1.365,0.065,20178782,4.4465
250,9.98,1300,2.913,1.1115,1.354142857142857,0.159,102954061,4.38296
251,10.03,1300,2.808125,1.16925,1.3595714285714289,0.009,2012044,0.41952
252,10.08,1300,2.6968333333333336,1.1371666666666669,1.346,0.027,24574047,0.0633
253,10.13,1300,2.607375,1.13075,1.346,0.082,61363357,0.02462
254,10.18,1300,2.498,1.139,1.3297142857142858,0.0149999999999999,11669479,0.01522
255,10.23,1300,2.43475,1.101875,1.327,0.0899999999999999,74034771,0.03274
256,10.28,1300,2.3552857142857144,1.139,1.3184285714285713,0.006,3791200,0.03866
257,10.33,1300,2.339,1.082625,1.3195,0.102,83702636,0.02602
258,10.38,1300,2.224,1.1397142857142857,1.3098571428571428,0.003,412637,0.01388
259,10.43,1300,2.224,1.074,1.307,0.103,84772629,0.02374
260,10.48,1300,2.156625,1.141375,1.307,0.005,501548,0.01154
261,10.53,1300,2.147,1.074,1.296142857142857,0.099,84104134,0.0213
262,10.58,1300,2.0995,1.141375,1.299875,0.003,630007,0.0075
263,10.63,1300,2.09,1.083625,1.29275,0.104,86472014,0.01012
264,10.68,1300,2.081857142857143,1.14,1.296142857142857,0.029,26329117,0.01402
265,10.73,1300,2.049,1.096,1.288,0.017,6910359,0.0166
266,10.78,1300,2.003625,1.122125,1.288,0.063,52581853,0.01202
267,10.83,1300,1.994,1.0996666666666668,1.2816666666666667,0.0489999999999999,45932071,0.02978
268,10.88,1300,1.97475,1.112375,1.288,0.051,38897951,0.01528
269,10.93,1300,1.917,1.151,1.2744285714285712,0.004,2259343,0.0104
270,10.98,1300,1.9683333333333333,1.085,1.2825714285714287,0.103,84727117,0.0179
271,11.03,1300,1.917,1.1727142857142858,1.2717142857142858,0.005,436348,0.01716
272,11.08,1300,1.926625,1.107,1.2717142857142858,0.104,84824819,0.01948
273,11.13,1300,1.895,1.16025,1.285625,0.006,480788,0.00826
274,11.19,1300,1.84,1.1618571428571427,1.269,0.017,14845976,0.01288
275,11.24,1300,1.884,1.1397142857142857,1.2744285714285712,0.083,69929836,0.0119
276,11.29,1300,1.764,1.227,1.269,0.003,510810,0.014
277,11.34,1300,1.8146666666666669,1.151,1.269,0.102,86512903,0.01706
278,11.38,1300,1.754125,1.246375,1.269,0.003,547981,0.00748
279,11.44,1300,1.742,1.2143333333333333,1.269,0.02,18589398,0.0135
280,11.49,1300,1.7965714285714287,1.1795,1.2785,0.103,70832970,1.61938
281,11.54,1300,1.687375,1.275125,1.269,0.004,436338,0.05776
282,11.59,1300,1.764,1.1763333333333332,1.269,0.1,84621136,0.04042
283,11.64,1300,1.7091428571428573,1.282,1.269,0.007,430445,0.01262
284,11.69,1300,1.688,1.2526666666666668,1.269,0.026,18121560,0.02592
285,11.74,1300,1.754375,1.22725,1.27375,0.0879999999999999,69600136,0.01696
286,11.79,1300,1.688,1.2655,1.269,0.004,451432,0.01778
287,11.84,1300,1.764,1.1944285714285714,1.269,0.101,84897969,0.02182
288,11.89,1300,1.688,1.26,1.269,0.005,455563,0.02096
289,11.94,1300,1.7205714285714286,1.1944285714285714,1.269,0.096,84421375,0.02158
290,11.99,1300,1.707,1.227125,1.269,0.006,479067,0.01272
291,12.04,1300,1.726,1.189,1.269,0.0429999999999999,35715992,0.01916
292,12.09,1300,1.7355,1.208125,1.269,0.0609999999999999,51087492,0.01028
293,12.14,1300,1.7386666666666668,1.2016666666666669,1.269,0.0589999999999999,56381254,0.01458
294,12.19,1300,1.7545,1.189125,1.269,0.0439999999999999,28414043,0.0163
295,12.24,1300,1.7097142857142855,1.238,1.269,0.004,451838,0.01506
296,12.29,1300,1.764,1.1618571428571427,1.269,0.108,87195965,0.01574
297,12.34,1300,1.707,1.236625,1.269,0.003,511044,0.01016
298,12.39,1300,1.7205714285714286,1.1835714285714287,1.269,0.049,34713227,0.01956
299,12.44,1300,1.7422857142857142,1.2164285714285714,1.2744285714285712,0.0609999999999999,50516505,0.01336
300,12.49,1300,1.7165,1.208,1.269,0.013,8365714,0.01096
301,12.54,1300,1.7531428571428571,1.1727142857142858,1.2744285714285712,0.095,79465349,0.01534
302,12.59,1300,1.688,1.255875,1.269,0.005,451802,0.0101
303,12.64,1300,1.7205714285714286,1.1835714285714287,1.269,0.108,85501406,0.02076
304,12.69,1300,1.7097142857142855,1.249142857142857,1.27375,0.001,505389,0.00898
305,12.74,1300,1.688,1.249,1.269,0.0139999999999999,11653266,0.01178
306,12.79,1300,1.726,1.208125,1.271375,0.0879999999999999,74027043,0.01764
307,12.84,1300,1.620625,1.304,1.269,0.005,1802068,0.01158
308,12.89,1300,1.659125,1.2175,1.269,0.105,86168241,0.01124
309,12.94,1300,1.633,1.282,1.269,0.003,617223,0.00944
310,12.99,1300,1.611,1.275125,1.261875,0.016,13664203,0.00544
311,13.04,1300,1.66875,1.227125,1.269,0.099,75508535,1.36088
312,13.09,1300,1.611,1.326,1.2662857142857142,0.008,1190040,0.08668
313,13.14,1300,1.649125,1.249,1.2554285714285711,0.1,85249505,0.0521
314,13.19,1300,1.5992857142857142,1.313625,1.269,0.003,515212,0.01724
315,13.24,1300,1.5991428571428572,1.315,1.25,0.0139999999999999,9803626,0.01352
316,13.29,1300,1.676,1.249,1.2635714285714286,0.096,78292261,0.04208
317,13.34,1300,1.61,1.352125,1.2595,0.005,463573,0.01186
318,13.39,1300,1.654,1.271,1.2527142857142857,0.05,39081646,0.04086
319,13.44,1300,1.639,1.304,1.260857142857143,0.057,47724443,0.01584
320,13.49,1300,1.61,1.352125,1.25,0.003,628929,0.02066
321,13.54,1300,1.661333333333333,1.2655,1.2626666666666668,0.1,85133515,0.02688
322,13.60,1300,1.62925,1.36175,1.26425,0.006,564862,0.01502
323,13.65,1300,1.6228333333333331,1.3296666666666668,1.25,0.019,17941012,0.01844
324,13.70,1300,1.698,1.271,1.2635714285714286,0.095,70881762,0.01978
325,13.74,1300,1.61,1.4095,1.25,0.009,1415781,0.03374
326,13.80,1300,1.643,1.326,1.25,0.0449999999999999,39870076,1.9964
327,13.85,1300,1.629375,1.371125,1.25,0.0569999999999999,48558857,0.07294
328,13.90,1300,1.5665714285714287,1.4244285714285714,1.25,0.005,1458275,0.05878
329,13.95,1300,1.6485,1.332875,1.25,0.098,83950204,0.05224
330,14.00,1300,1.572,1.4285,1.25,0.005,710873,0.03282
331,14.05,1300,1.5665714285714287,1.4135714285714287,1.25,0.0539999999999999,30850086,5.28286
332,14.10,1300,1.6485,1.332875,1.26425,0.082,63893687,0.10648
333,14.15,1300,1.553,1.457125,1.261875,0.005,643837,0.04304
334,14.20,1300,1.5815,1.4,1.252375,0.023,23525056,0.06566
335,14.25,1300,1.5992857142857142,1.3807142857142858,1.269,0.079,62747555,0.01954
336,14.30,1300,1.534,1.47625,1.25,0.005,671581,0.02502
337,14.35,1300,1.5994285714285714,1.3553333333333333,1.2595,0.1,84971449,0.07584
338,14.40,1300,1.5774285714285714,1.438125,1.269,0.009,603256,0.02602
339,14.45,1300,1.6105,1.4313333333333331,1.2531666666666668,0.1159999999999999,72895601,2.62586
340,14.50,1300,1.9043333333333328,1.3286666666666669,1.272166666666667,0.18,109923921,13.52418
341,14.55,1300,2.071,1.389625,1.288,0.1,57299951,1.30866
342,14.60,1300,2.1185,1.38,1.2744285714285712,0.0529999999999999,21367833,0.57728
343,14.66,1300,2.06,1.281285714285714,1.27375,0.1059999999999999,98403539,5.41812
344,14.71,1300,1.939,1.369,1.269,0.005,474837,0.07388
345,14.76,1300,1.917,1.3161666666666667,1.269,0.041,29302370,0.04826
346,14.81,1300,1.93625,1.312875,1.27375,0.064,56019509,0.04798
347,14.86,1300,1.84,1.3478571428571429,1.269,0.007,4443854,0.01992
348,14.91,1300,1.884,1.271,1.269,0.097,83107759,0.0203
349,14.96,1300,1.783,1.37,1.269,0.003,477550,0.02554
350,15.01,1300,1.8292857142857144,1.304,1.269,0.064,38567632,2.4578
351,15.06,1300,1.917,1.303625,1.285625,0.101,61627279,1.10802
352,15.11,1300,2.003625,1.336,1.288,0.077,16406383,2.3533
353,15.16,1300,2.1216666666666666,1.248714285714286,1.2934285714285714,0.153,99427250,5.93782
354,15.21,1300,2.202,1.358,1.307,0.157,57838209,11.33974
355,15.26,1300,2.3485,1.303125,1.3195,0.0719999999999999,26803395,4.83536
356,15.31,1300,2.454,1.246,1.327,0.147,87919424,3.04892
357,15.36,1300,2.4925,1.370375,1.327,0.112,29003622,4.4619
358,15.41,1300,2.531,1.281285714285714,1.327,0.1439999999999999,87656134,5.79806
359,15.46,1300,2.588,1.2555,1.329375,0.073,22029809,0.39844
360,15.51,1300,2.531,1.370375,1.327,0.04,4737535,0.05598
361,15.56,1300,2.578625,1.2745,1.3195,0.13,58451329,4.48526
362,15.61,1300,2.6398571428571427,1.2922857142857145,1.327,0.1189999999999999,64745047,5.3617
363,15.66,1300,2.66375,1.370375,1.327,0.0519999999999999,22274412,0.5982
364,15.72,1300,2.709,1.2692222222222225,1.327,0.209,110795016,2.283
365,15.77,1300,2.66375,1.370375,1.327,0.0439999999999999,14049764,0.17192
366,15.82,1300,2.60625,1.351125,1.327,0.092,37861720,1.75902
367,15.87,1300,2.684,1.2704285714285712,1.327,0.14,63626874,2.04898
368,15.92,1300,2.596875,1.389625,1.327,0.041,5059303,0.1079
369,15.97,1300,2.607,1.369,1.3212857142857142,0.075,30379569,1.2929
370,16.03,1300,2.655,1.303,1.322,0.148,85690394,6.95172
371,16.08,1300,2.5735714285714284,1.4185,1.327,0.0739999999999999,15732426,1.82324
372,16.13,1300,2.607,1.38,1.317,0.125,72054320,3.27542
373,16.19,1300,2.6582222222222223,1.303111111111111,1.3225555555555557,0.126,53953725,8.30484
374,16.24,1300,2.606,1.447375,1.327,0.092,24788628,3.29504
375,16.29,1300,2.673375,1.370375,1.327,0.121,67676056,5.0516
376,16.34,1300,2.635625,1.351125,1.327,0.06,43547076,1.19764
377,16.39,1300,2.4155,1.47625,1.3127142857142855,0.012,10568825,0.06836
378,16.44,1300,2.344428571428572,1.402,1.307,0.016,14955599,0.0494
379,16.49,1300,2.291125,1.389625,1.307,0.0769999999999999,59946688,0.01086
380,16.54,1300,2.114428571428572,1.534,1.290375,0.003,530746,0.03298
381,16.59,1300,2.09,1.435,1.288,0.041,34463407,0.02452
382,16.64,1300,2.0597142857142856,1.447375,1.288,0.055,50235065,0.02232
383,16.69,1300,1.868875,1.553,1.280875,0.002,650615,0.02008
384,16.74,1300,1.868875,1.447625,1.271375,0.051,38510078,0.01408
385,16.79,1300,1.8402857142857143,1.4572857142857143,1.2825714285714287,0.056,48452472,0.00666
386,16.84,1300,1.70625,1.582125,1.269,0.005,4423173,0.0116
387,16.89,1300,1.715875,1.4955,1.269,0.036,28841818,0.00906
388,16.94,1300,1.7255,1.4955,1.269,0.061,52619027,0.0098
389,16.99,1300,1.5882857142857143,1.622,1.269,0.003,587651,0.01048
390,17.04,1300,1.61,1.543625,1.25,0.021,20843391,0.00842
391,17.09,1300,1.619875,1.4955,1.266625,0.0759999999999999,64108122,0.00526
392,17.14,1300,1.485875,1.639875,1.25,0.003,734737,0.0099
393,17.20,1300,1.479,1.567,1.25,0.018,14520527,0.00646
394,17.24,1300,1.543625,1.4955,1.25,0.086,72171710,0.00784
395,17.29,1300,1.438125,1.639875,1.25,0.002,648500,0.00876
396,17.34,1300,1.438,1.59175,1.24,0.012,8954209,0.00792
397,17.40,1300,1.512,1.512,1.25,0.0909999999999999,75997918,0.01218
398,17.45,1300,1.419,1.63025,1.25,0.002,663030,0.00988
399,17.50,1300,1.381,1.611,1.235,0.009,6654989,0.00674
400,17.55,1300,1.466625,1.51475,1.245,0.0919999999999999,78246726,0.01142
401,17.60,1300,1.3917142857142857,1.633,1.247142857142857,0.001,590606,0.00622
402,17.65,1300,1.371375,1.611,1.23,0.008,4265427,0.00546
403,17.70,1300,1.466625,1.505125,1.245,0.1,82460819,0.00558
404,17.75,1300,1.399875,1.611,1.2475,0.004,731358,0.00684
405,17.80,1300,1.36175,1.63025,1.2328571428571429,0.0,594431,0.00744
406,17.85,1300,1.4352857142857145,1.512,1.24,0.101,84479834,0.0093
407,17.90,1300,1.419,1.601375,1.25,0.001,655564,0.00568
408,17.95,1300,1.3425,1.6495,1.2375,0.003,699533,0.00822
409,18.00,1300,1.4285,1.524375,1.2425,0.097,84164070,0.00692
410,18.05,1300,1.359,1.6,1.25,0.002,571853,0.00502
411,18.10,1300,1.304,1.659125,1.2425,0.004,673321,0.00926
412,18.15,1300,1.399875,1.534,1.24,0.099,86148008,0.00834
413,18.20,1300,1.3425,1.601375,1.25,0.0,657878,0.00502
414,18.25,1300,1.282,1.666,1.2442857142857142,0.005,583690,0.00742
415,18.30,1300,1.352125,1.543625,1.2375,0.1,84649564,0.009
416,18.35,1300,1.352125,1.5725,1.25,0.003,677219,0.0053
417,18.40,1300,1.28475,1.66875,1.23,0.004,670731,0.00824
418,18.45,1300,1.337,1.556,1.2357142857142858,0.0449999999999999,37971826,0.00636
419,18.50,1300,1.361625,1.55325,1.25,0.0539999999999999,46839938,0.00656
420,18.55,1300,1.236625,1.678375,1.2425,0.002,703617,0.00882
421,18.60,1300,1.32325,1.562875,1.2325,0.0459999999999999,36636724,0.00872
422,18.65,1300,1.337,1.556,1.25,0.057,50146618,0.00326
423,18.70,1300,1.24625,1.678375,1.2325,0.001,679605,0.00738
424,18.75,1300,1.304,1.5725,1.23,0.041,31096760,0.00752
425,18.80,1300,1.36175,1.562875,1.25,0.062,54392143,0.00826
426,18.85,1300,1.293,1.677,1.247142857142857,0.003,1873121,0.0072
427,18.90,1300,1.32325,1.59175,1.23,0.0279999999999999,23502053,0.00754
428,18.95,1300,1.371375,1.562875,1.25,0.072,60330396,0.0056
429,19.00,1300,1.2655,1.678375,1.23,0.004,679751,0.01736
430,19.05,1300,1.32325,1.6,1.23,0.02,18142781,0.0081
431,19.10,1300,1.37,1.55325,1.2475,0.084,68587066,0.00696
432,19.15,1300,1.2655,1.66875,1.2425,0.007,704744,0.0078
433,19.20,1300,1.304,1.611,1.23,0.016,14989767,0.00784
434,19.25,1300,1.381,1.55325,1.25,0.086,70412643,0.00546
435,19.30,1300,1.315,1.666,1.25,0.005,612638,0.00526
436,19.35,1300,1.32325,1.63025,1.235,0.009,8979146,0.00696
437,19.40,1300,1.4095,1.543625,1.2475,0.0919999999999999,76149454,0.00702
438,19.45,1300,1.332875,1.655,1.247142857142857,0.005,638462,0.00688
439,19.50,1300,1.315,1.6495,1.235,0.005,3663888,0.00666
440,19.55,1300,1.4095,1.543625,1.245,0.096,83054716,0.00856
441,19.61,1300,1.32325,1.659,1.2475,0.004,652503,0.00568
442,19.66,1300,1.294375,1.6495,1.2328571428571429,0.001,633546,0.00784
443,19.71,1300,1.3917142857142857,1.545,1.2425,0.101,84783253,0.01468
444,19.76,1300,1.352125,1.620625,1.25,0.002,714686,0.0064
445,19.81,1300,1.313625,1.659125,1.2475,0.039,39114187,0.00818
446,19.86,1300,1.4095,1.55325,1.2425,0.063,45882721,0.00704
447,19.91,1300,1.348,1.622,1.25,0.004,569620,0.0048
448,19.96,1300,1.2655,1.66875,1.245,0.004,732613,0.00938
449,20.01,1300,1.3425,1.562875,1.2375,0.105,86285875,0.01494
450,20.06,1300,1.3425,1.601375,1.25,0.005,657082,0.00564
451,20.11,1300,1.26,1.677,1.2328571428571429,0.001,580117,0.0084
452,20.16,1300,1.332875,1.5725,1.235,0.067,59413438,0.03248
453,20.21,1300,1.361625,1.5725,1.25,0.034,25992930,0.0084
454,20.26,1300,1.28475,1.678375,1.235,0.001,673075,0.0075
455,20.31,1300,1.337,1.578,1.2328571428571429,0.041,33806586,0.0117
456,20.36,1300,1.390375,1.55325,1.25,0.057,51472720,0.0097
457,20.41,1300,1.2655,1.678375,1.24,0.002,646961,0.00702
458,20.46,1300,1.32325,1.5725,1.2325,0.024,22775361,0.0074
459,20.51,1300,1.4027142857142858,1.534,1.25,0.082,62783478,0.00426
460,20.56,1300,1.313625,1.659125,1.2475,0.003,729573,0.00692
461,20.61,1300,1.352125,1.59175,1.23,0.016,16527898,0.0083
462,20.66,1300,1.438,1.543625,1.25,0.082,67795221,0.00628
463,20.71,1300,1.326,1.666,1.25,0.003,582583,0.0061
464,20.76,1300,1.32325,1.620625,1.2325,0.0139999999999999,11679854,0.00986
465,20.81,1300,1.4095,1.543625,1.2475,0.0869999999999999,73800441,0.02558
466,20.86,1300,1.32325,1.659125,1.25,0.007,2963675,0.00736
467,20.91,1300,1.315,1.622,1.2328571428571429,0.003,4501879,0.00632
468,20.96,1300,1.4095,1.524375,1.2475,0.098,80327449,0.0101
469,21.01,1300,1.32325,1.6495,1.25,0.004,679710,0.00746
470,21.06,1300,1.304,1.639875,1.235,0.004,1449962,0.0061
471,21.11,1300,1.4027142857142858,1.523,1.247142857142857,0.099,83837098,0.00852
472,21.16,1300,1.3425,1.620625,1.25,0.004,697707,0.00654
473,21.21,1300,1.332875,1.6495,1.24,0.003,653652,0.00774
474,21.26,1300,1.4285,1.524375,1.245,0.099,84625649,0.00634
475,21.31,1300,1.3905,1.6,1.25,0.013,2092206,0.10746
476,21.36,1300,1.4572857142857143,1.6495,1.25,0.095,45821657,1.71768
477,21.42,1300,1.6103333333333332,1.499777777777778,1.2563333333333333,0.138,68772117,9.7595
478,21.47,1300,1.74475,1.4955,1.276125,0.0929999999999999,30270500,2.98482
479,21.52,1300,1.8595,1.610142857142857,1.2907142857142857,0.177,66800626,12.93712
480,21.57,1300,2.0707142857142857,1.514625,1.304625,0.0899999999999999,45086472,3.43458
481,21.62,1300,2.16625,1.466625,1.307,0.13,60188174,3.11864
482,21.67,1300,2.224,1.591,1.307,0.1139999999999999,42013311,4.30224
483,21.72,1300,2.301,1.522857142857143,1.307,0.0439999999999999,8361490,0.32402
484,21.77,1300,2.377,1.447375,1.3095,0.149,78876578,2.0546
485,21.82,1300,2.3295,1.5815,1.307,0.058,14982079,0.09968
486,21.88,1300,2.405875,1.53375,1.307,0.087,28048547,8.07444
487,21.93,1300,2.52,1.468,1.3241428571428573,0.201,125744581,12.51416
488,21.98,1300,2.463375,1.5992857142857142,1.327,0.027,11047901,3.13666
489,22.03,1300,2.476,1.5625,1.327,0.07,38816866,1.15448
490,22.08,1300,2.531,1.47625,1.327,0.123,81897599,3.24946
491,22.13,1300,2.453,1.5882857142857143,1.327,0.095,12185988,0.80484
492,22.18,1300,2.482625,1.53375,1.3095,0.074,22725370,1.25552
493,22.23,1300,2.5635714285714286,1.435,1.3212857142857142,0.154,93387305,6.288
494,22.28,1300,2.482625,1.53375,1.327,0.0759999999999999,20337329,3.72648
495,22.33,1300,2.5115,1.505125,1.3195,0.064,19833117,0.94122
496,22.38,1300,2.5785,1.424,1.3212857142857142,0.156,93096491,7.02768
497,22.43,1300,2.486285714285714,1.52425,1.327,0.09,34156409,8.8944
498,22.48,1300,2.51175,1.485875,1.327,0.075,40171649,6.68922
499,22.53,1300,2.502125,1.4185,1.3365,0.079,66584602,0.08782
500,22.58,1300,2.322714285714286,1.534,1.327,0.005,754123,0.08132
501,22.63,1300,2.291375,1.428125,1.3095,0.0479999999999999,36302832,0.0189
502,22.68,1300,2.1665,1.457,1.3095,0.055,49004785,0.01512
503,22.73,1300,2.05175,1.4955,1.2975,0.006,660121,0.00976
504,22.78,1300,2.038,1.391,1.296142857142857,0.099,86104563,0.0458
505,22.83,1300,1.917,1.485875,1.288,0.006,2584034,0.01198
506,22.88,1300,1.907375,1.447625,1.288,0.0109999999999999,12879901,0.01692
507,22.93,1300,1.873,1.4135714285714287,1.288,0.084,72628281,1.99776
508,22.98,1300,1.764,1.49,1.2825714285714287,0.024,22487204,0.1055
509,23.03,1300,1.7965714285714287,1.4027142857142858,1.2771428571428571,0.0749999999999999,62592214,0.0805
510,23.08,1300,1.731,1.44775,1.280875,0.002,505623,0.02818
511,23.13,1300,1.687,1.4352857142857145,1.269,0.0109999999999999,6919370,0.01354
512,23.18,1300,1.7255,1.3808571428571428,1.2717142857142858,0.0849999999999999,77188968,0.0277
513,23.23,1300,1.61,1.468,1.269,0.005,442259,0.02986
514,23.29,1300,1.6228333333333331,1.3808333333333334,1.269,0.0449999999999999,35818887,0.02312
515,23.34,1300,1.658125,1.419,1.269,0.061,48984199,0.02104
516,23.39,1300,1.6102857142857143,1.4244285714285714,1.269,0.003,866951,0.01536
517,23.44,1300,1.6872857142857145,1.359,1.269,0.107,91376976,0.01536
518,23.49,1300,1.619875,1.4461428571428572,1.269,0.002,513448,0.00814
519,23.54,1300,1.6366666666666667,1.3808571428571428,1.258142857142857,0.048,34637480,0.01748
520,23.59,1300,1.667875,1.39025,1.269,0.0599999999999999,52934724,0.00928
521,23.64,1300,1.611,1.4244285714285714,1.2662857142857142,0.004,449403,0.01194
522,23.69,1300,1.659125,1.332875,1.26425,0.096,88136258,1.769
523,23.74,1300,1.567,1.4352857142857145,1.269,0.003,483917,0.1029
524,23.79,1300,1.611,1.3681666666666668,1.2563333333333333,0.027,23109537,0.0722
525,23.84,1300,1.63025,1.371125,1.269,0.0769999999999999,62633855,0.0254
526,23.89,1300,1.578,1.4135714285714287,1.258142857142857,0.004,416030,0.0264
527,23.94,1300,1.6495,1.332875,1.261875,0.101,86515024,0.02298
528,23.99,1300,1.556,1.4244285714285714,1.269,0.003,502906,0.01462
529,24.04,1300,1.6,1.348,1.2527142857142857,0.039,31050810,0.04478
530,24.09,1300,1.611,1.352,1.269,0.064,54578627,0.01906
531,24.14,1300,1.567,1.3808571428571428,1.258142857142857,0.009,5646086,0.0159
532,24.19,1300,1.6495,1.294375,1.261875,0.097,81576449,0.02204
533,24.24,1300,1.556,1.391857142857143,1.2635714285714286,0.004,492521,0.01558
534,24.29,1300,1.611,1.32325,1.2595,0.056,47591784,0.018
535,24.34,1300,1.6495,1.294375,1.269,0.063,43477186,0.0101
536,24.39,1300,1.611,1.337,1.260857142857143,0.005,481494,0.01066
537,24.44,1300,1.66875,1.255875,1.261875,0.098,91292343,1.75934
538,24.49,1300,1.611,1.337,1.2635714285714286,0.005,443181,0.07178
539,24.54,1300,1.633,1.271,1.2527142857142857,0.0429999999999999,34640533,0.06516
540,24.59,1300,1.639875,1.294375,1.269,0.058,51340616,0.03788
541,24.64,1300,1.611,1.282,1.25475,0.0109999999999999,9181538,0.01284
542,24.69,1300,1.688,1.238,1.2662857142857142,0.0929999999999999,78421782,0.01948
543,24.74,1300,1.611,1.304,1.261875,0.002,658438,0.02446
544,24.79,1300,1.639875,1.208,1.25475,0.08,64979129,0.06476
545,24.84,1300,1.639875,1.256,1.269,0.033,21567992,0.01622
546,24.89,1300,1.611,1.238,1.2527142857142857,0.017,13311953,0.01314
547,24.94,1300,1.66875,1.208125,1.26425,0.087,74437190,0.00822
548,24.99,1300,1.611,1.255875,1.257125,0.005,756199,0.01272
549,25.04,1300,1.66875,1.1795,1.261875,0.1,85156902,0.00956
550,25.09,1300,1.620625,1.249,1.2662857142857142,0.003,637427,0.0114
551,25.14,1300,1.644,1.189,1.25475,0.0459999999999999,43078081,1.73778
552,25.20,1300,1.639875,1.217625,1.26425,0.0579999999999999,48618555,0.12222
553,25.24,1300,1.620625,1.1985,1.25,0.0149999999999999,15631181,0.02224
554,25.30,1300,1.659125,1.1727142857142858,1.258142857142857,0.088,70256723,0.0303
555,25.35,1300,1.611,1.2175,1.25,0.001,626584,0.01272
556,25.40,1300,1.688,1.1605,1.257125,0.101,87131788,0.02612
557,25.45,1300,1.639875,1.227,1.25,0.002,658301,0.011
558,25.50,1300,1.6975,1.1605,1.2554285714285711,0.103,85476568,0.0126
559,25.55,1300,1.644,1.2052857142857143,1.26425,0.005,621198,0.02494
560,25.60,1300,1.66875,1.1795,1.25,0.0179999999999999,19964617,0.01356
561,25.65,1300,1.68775,1.1795,1.269,0.082,67753664,0.0081
562,25.70,1300,1.659125,1.1985,1.257125,0.009,5791125,0.00678
563,25.75,1300,1.7097142857142855,1.1618571428571427,1.2662857142857142,0.101,80048093,0.0104
564,25.80,1300,1.63025,1.227,1.26425,0.002,723149,0.01176
565,25.85,1300,1.6975,1.151,1.2595,0.099,87037609,0.01134
566,25.90,1300,1.659125,1.2175,1.269,0.002,662328,0.0065
567,25.95,1300,1.688,1.1835714285714287,1.25,0.0259999999999999,23543601,0.00792
568,26.00,1300,1.68775,1.189,1.269,0.079,62489027,0.00856
569,26.05,1300,1.611,1.208,1.252375,0.006,3640904,0.0076
570,26.10,1300,1.688,1.1605,1.2595,0.099,84184559,0.00686
571,26.15,1300,1.611,1.249,1.25,0.004,644024,0.01082
572,26.20,1300,1.655,1.1795,1.25475,0.102,85263808,0.00828
573,26.25,1300,1.639875,1.236875,1.266625,0.001,682048,0.00838
574,26.30,1300,1.620625,1.208,1.25,0.019,18495465,0.00692
575,26.35,1300,1.659125,1.198625,1.2635714285714286,0.086,69640374,0.00714
576,26.40,1300,1.611,1.26,1.25,0.002,685098,0.01014
577,26.45,1300,1.659125,1.1795,1.257125,0.1,85319964,0.00692
578,26.50,1300,1.611,1.275125,1.2595,0.001,656540,0.00616
579,26.55,1300,1.63025,1.208,1.252375,0.0439999999999999,34933225,0.00798
580,26.60,1300,1.644,1.2272857142857143,1.269,0.062,52966508,0.00694
581,26.65,1300,1.611,1.2655,1.257125,0.007,3643513,0.00884
582,26.70,1300,1.6495,1.208,1.261875,0.096,82115205,0.0064
583,26.75,1300,1.562875,1.304,1.25475,0.004,660515,0.0073
584,26.80,1300,1.63025,1.2161428571428572,1.25,0.049,40678495,0.00626
585,26.85,1300,1.6,1.256,1.26425,0.0519999999999999,46725718,0.0149
586,26.90,1300,1.601375,1.2655,1.25,0.012,10732290,0.00918
587,26.95,1300,1.6495,1.217625,1.26425,0.094,74932994,0.00602
588,27.00,1300,1.582125,1.304,1.258142857142857,0.002,744504,0.03124
589,27.05,1300,1.633,1.2161428571428572,1.252375,0.1,86990398,0.007
590,27.10,1300,1.59175,1.28475,1.25475,0.002,679847,0.00756
591,27.15,1300,1.5725,1.28475,1.25,0.012,11495848,0.00724
592,27.20,1300,1.601375,1.24625,1.261875,0.0899999999999999,74388013,0.00844
593,27.25,1300,1.534,1.337,1.25,0.002,606622,0.00846
594,27.30,1300,1.582125,1.255875,1.252375,0.104,87287833,0.00894
595,27.35,1300,1.5725,1.313625,1.257125,0.004,662762,0.00776
596,27.41,1300,1.534,1.304,1.25,0.0109999999999999,8495585,0.00696
597,27.46,1300,1.611,1.249,1.2527142857142857,0.0929999999999999,77611395,0.00784
598,27.51,1300,1.524375,1.3425,1.25,0.025,4054519,0.48622
599,27.56,1300,1.678125,1.2655,1.25475,0.081,49178519,2.28038
600,27.61,1300,1.8305,1.294375,1.269,0.141,63714428,1.01806
601,27.66,1300,1.895,1.348,1.285285714285714,0.083,13409628,2.22212
602,27.71,1300,2.089875,1.255875,1.29275,0.237,135175863,17.76562
603,27.76,1300,2.28175,1.255375,1.322,0.133,38053983,7.55298
604,27.81,1300,2.310375,1.331875,1.3245,0.1179999999999999,59712908,4.46346
605,27.86,1300,2.454,1.227,1.327,0.152,77332338,7.14526
606,27.91,1300,2.43475,1.312875,1.329375,0.05,5674680,0.39322
607,27.96,1300,2.454,1.303125,1.3245,0.057,15103990,0.08616
608,28.01,1300,2.521375,1.2365,1.3245,0.144,84753244,2.11426
609,28.06,1300,2.51175,1.351125,1.327,0.091,24320811,6.80592
610,28.11,1300,2.5614,1.2878,1.3301666666666667,0.14,80670337,10.12282
611,28.16,1300,2.6455,1.284125,1.346,0.121,78727532,3.64666
612,28.21,1300,2.606875,1.3415,1.346,0.06,22561556,2.20522
613,28.27,1300,2.655125,1.246,1.34125,0.117,84152776,2.22524
614,28.32,1300,2.574428571428572,1.347,1.3351428571428572,0.117,28275295,1.2243
615,28.37,1300,2.607,1.32225,1.327,0.105,51350708,3.94182
616,28.42,1300,2.607,1.237857142857143,1.3324285714285713,0.099,61289687,7.7027
617,28.47,1300,2.541857142857143,1.36075,1.327,0.081,25824769,0.28994
618,28.52,1300,2.588,1.293625,1.327,0.105,66724184,3.30806
619,28.57,1300,2.607,1.237857142857143,1.3351428571428572,0.127,52379630,17.55116
620,28.62,1300,2.607,1.36075,1.346,0.056,12175975,1.2402
621,28.67,1300,2.607,1.292142857142857,1.3324285714285713,0.139,76563921,3.33042
622,28.72,1300,2.684,1.2365,1.34125,0.104,47040713,2.2359
623,28.77,1300,2.5595,1.370375,1.3297142857142858,0.003,691165,0.11288
624,28.82,1300,2.454,1.281285714285714,1.317,0.031,27246653,0.04962
625,28.87,1300,2.377375,1.29375,1.322,0.0769999999999999,58777785,0.03746
626,28.92,1300,2.191,1.369,1.307,0.006,449381,0.01694
627,28.97,1300,2.191,1.2704285714285712,1.3042857142857145,0.107,87526330,0.02482
628,29.02,1300,2.109,1.370375,1.299875,0.003,676726,0.0139
629,29.08,1300,1.994,1.3587142857142858,1.288,0.007,5887467,0.01992
630,29.13,1300,2.022875,1.293,1.288,0.094,79808325,0.01794
631,29.18,1300,1.873,1.419,1.285625,0.004,478990,0.01636
632,29.23,1300,1.8785,1.3553333333333333,1.269,0.0349999999999999,28978818,0.02124
633,29.28,1300,1.869,1.332875,1.276125,0.066,56869862,0.0119
634,29.33,1300,1.753,1.4352857142857145,1.269,0.004,479704,0.01356
635,29.38,1300,1.7965714285714287,1.337,1.269,0.106,86871460,0.01918
636,29.43,1300,1.709,1.4025714285714286,1.269,0.003,609630,0.01216
637,29.48,1300,1.658125,1.419,1.26425,0.007,1458392,0.0095
638,29.53,1300,1.72,1.337,1.2662857142857142,0.097,84026040,0.01606
639,29.58,1300,1.62925,1.438,1.269,0.002,456682,0.01378
640,29.63,1300,1.61,1.4063333333333332,1.2531666666666668,0.018,17000347,0.01528
641,29.68,1300,1.661333333333333,1.348,1.269,0.085,68437743,0.0125
642,29.73,1300,1.5435,1.466625,1.261875,0.002,533330,0.02028
643,29.78,1300,1.6,1.3698571428571429,1.2554285714285711,0.049,36721778,0.0182
644,29.83,1300,1.610428571428571,1.3807142857142858,1.269,0.062,50748464,0.00916
645,29.88,1300,1.51475,1.485875,1.257125,0.005,2254328,0.01188
646,29.93,1300,1.567,1.391857142857143,1.2554285714285711,0.096,83015532,0.0197
647,29.98,1300,1.523,1.4462857142857142,1.2554285714285711,0.004,467238,0.04748
648,30.03,1300,1.466625,1.4955,1.25,0.004,598261,0.01558
649,30.08,1300,1.5596666666666668,1.3936666666666668,1.2563333333333333,0.096,84671738,0.019
650,30.13,1300,1.505125,1.486,1.25,0.003,515120,0.01534
651,30.18,1300,1.49,1.49,1.25,0.005,4308197,0.01078
652,30.23,1300,1.582125,1.4095,1.2527142857142857,0.099,83050626,0.02196
653,30.28,1300,1.501,1.523,1.25,0.004,460325,0.013
654,30.33,1300,1.501,1.49,1.25,0.017,12069628,0.01036
655,30.38,1300,1.5725,1.4095,1.25,0.0899999999999999,73161987,0.01674
656,30.43,1300,1.468,1.545,1.25,0.007,528806,0.0148
657,30.48,1300,1.501,1.4681428571428572,1.25,0.033,23811703,0.02186
658,30.53,1300,1.556,1.4354285714285713,1.25,0.07,61309176,0.01098
659,30.58,1300,1.457,1.55325,1.25,0.006,520343,0.0129
660,30.63,1300,1.4955,1.4571666666666667,1.25,0.0429999999999999,35781609,0.015
661,30.68,1300,1.534,1.466875,1.25,0.057,51810169,0.0085
662,30.73,1300,1.457,1.567,1.25,0.004,444091,0.01058
663,30.78,1300,1.49,1.4681428571428572,1.247142857142857,0.101,84742000,0.01938
664,30.84,1300,1.49,1.49,1.25,0.003,547880,0.0248
665,30.88,1300,1.4285,1.5725,1.25,0.029,25141759,0.01258
666,30.94,1300,1.501,1.4571428571428573,1.247142857142857,0.0739999999999999,59986833,0.01704
667,30.99,1300,1.4462857142857142,1.534,1.25,0.003,455299,0.01102
668,31.04,1300,1.4,1.5725,1.25,0.005,872364,0.33726
669,31.09,1300,1.501,1.4443333333333332,1.25,0.103,87049831,0.06046
670,31.14,1300,1.4572857142857143,1.543625,1.25,0.005,492643,0.01868
671,31.19,1300,1.4135714285714287,1.578,1.25,0.001,465697,0.01282
672,31.24,1300,1.485875,1.466625,1.25,0.095,84783865,0.02594
673,31.29,1300,1.4135714285714287,1.567,1.25,0.002,481975,0.01894
674,31.34,1300,1.4,1.55325,1.24,0.008,4808053,0.01038
675,31.39,1300,1.512,1.4461428571428572,1.25,0.094,80259479,0.01798
676,31.44,1300,1.4135714285714287,1.578,1.25,0.001,547338,0.01422
677,31.49,1300,1.438,1.524375,1.25,0.0259999999999999,12433324,1.2018
678,31.54,1300,1.534,1.457125,1.25,0.094,78588672,0.08428
679,31.59,1300,1.4461428571428572,1.578,1.25,0.003,682818,0.03142
680,31.64,1300,1.457,1.534,1.25,0.014,12913014,0.02764
681,31.69,1300,1.51475,1.47625,1.25,0.0909999999999999,72762983,0.01794
682,31.74,1300,1.4,1.59175,1.2475,0.002,663897,0.01046
683,31.79,1300,1.4352857142857145,1.512,1.23,0.023,20539703,0.01116
684,31.84,1300,1.485875,1.47625,1.25,0.076,64998916,0.01216
685,31.89,1300,1.380875,1.601375,1.2475,0.004,680538,0.00934
686,31.94,1300,1.4,1.51475,1.235,0.027,24980788,0.01698
687,31.99,1300,1.4352857142857145,1.49,1.25,0.0739999999999999,62705629,0.0092
688,32.04,1300,1.332875,1.601375,1.245,0.005,829449,0.11686
689,32.09,1300,1.4,1.4955,1.235,0.0439999999999999,34029807,0.02582
690,32.14,1300,1.438,1.485875,1.25,0.064,51837206,0.08982
691,32.19,1300,1.37,1.6,1.247142857142857,0.001,608709,0.01622
692,32.24,1300,1.4095,1.485875,1.2375,0.0429999999999999,35644086,0.03
693,32.29,1300,1.447625,1.486,1.25,0.0609999999999999,50227177,0.01292
694,32.34,1300,1.36175,1.582125,1.25,0.004,709384,0.013
695,32.39,1300,1.419,1.479,1.2442857142857142,0.05,41551763,0.01046
696,32.45,1300,1.4244285714285714,1.486,1.25,0.0539999999999999,46814412,0.00926
697,32.49,1300,1.36175,1.582125,1.2475,0.003,726033,0.01134
698,32.55,1300,1.419,1.46675,1.24,0.1009999999999999,85923762,0.01124
699,32.59,1300,1.399875,1.51475,1.25,0.001,610625,0.00992
700,32.65,1300,1.326,1.578,1.245,0.003,752092,0.00976
701,32.70,1300,1.419,1.46675,1.2375,0.1,85553074,0.00932
702,32.75,1300,1.4095,1.524375,1.2475,0.004,690336,0.00762
703,32.80,1300,1.381,1.5725,1.2357142857142858,0.002,635045,0.00746
704,32.85,1300,1.4461428571428572,1.4461428571428572,1.2375,0.103,87753861,0.00986
705,32.90,1300,1.419,1.524375,1.2425,0.003,659720,0.00584
706,32.95,1300,1.36175,1.562875,1.23,0.002,673730,0.00778
707,33.00,1300,1.438,1.4475,1.2385714285714289,0.105,86137166,0.02308
708,33.05,1300,1.4027142857142858,1.534,1.2475,0.003,732204,0.0117
709,33.10,1300,1.352125,1.562875,1.23,0.002,746961,0.08418
710,33.15,1300,1.438,1.4475,1.2425,0.097,85537149,0.01586
711,33.20,1300,1.4,1.562875,1.2442857142857142,0.0,670618,0.01078
712,33.25,1300,1.381,1.556,1.235,0.004,949825,0.0088
713,33.30,1300,1.4955,1.4475,1.245,0.103,87762036,0.0166
714,33.35,1300,1.438125,1.562875,1.25,0.002,684567,0.01052
715,33.40,1300,1.4095,1.562875,1.24,0.008,4224886,0.00708
716,33.45,1300,1.501,1.457,1.247142857142857,0.095,82290996,0.0106
717,33.50,1300,1.419,1.5725,1.25,0.003,704296,0.01122
718,33.55,1300,1.4,1.562875,1.2475,0.0109999999999999,6744073,0.00592
719,33.60,1300,1.485875,1.457,1.2475,0.098,79897959,0.01176
720,33.65,1300,1.4135714285714287,1.578,1.25,0.001,712427,0.01146
721,33.70,1300,1.4095,1.562875,1.24,0.01,7633373,0.00648
722,33.75,1300,1.505125,1.457,1.2475,0.128,84912199,1.05804
723,33.80,1300,1.61,1.582125,1.25475,0.065,16597336,0.71172
724,33.85,1300,1.70625,1.543625,1.266625,0.082,43302008,2.68328
725,33.91,1300,1.8595,1.457,1.2798571428571428,0.1449999999999999,72137868,8.94148
726,33.95,1300,1.95,1.5774285714285714,1.288,0.143,37136211,5.74262
727,34.01,1300,2.099375,1.552875,1.304625,0.1359999999999999,64711100,7.11488
728,34.06,1300,2.24325,1.428125,1.3095,0.163,78733818,8.78824
729,34.11,1300,2.291375,1.514625,1.327,0.091,31631084,6.42566
730,34.16,1300,2.252875,1.552875,1.312,0.063,19676747,2.76072
731,34.21,1300,2.366142857142857,1.435,1.3184285714285713,0.186,120834326,9.67146
732,34.26,1300,2.377,1.514625,1.327,0.048,24444775,1.30532
733,34.31,1300,2.405875,1.572,1.327,0.097,31950933,0.86056
734,34.36,1300,2.444375,1.447375,1.334125,0.124,81693710,6.02888
735,34.41,1300,2.4635,1.479,1.3432857142857142,0.108,50594850,2.10832
736,34.46,1300,2.4201428571428574,1.5815,1.327,0.087,37611113,2.95434
737,34.51,1300,2.482875,1.485875,1.327,0.112,59343498,6.0723
738,34.56,1300,2.4925,1.457,1.3365,0.087,45926421,4.61854
739,34.61,1300,2.434125,1.5815,1.3378571428571429,0.098,36574740,6.19532
740,34.66,1300,2.5408571428571425,1.49,1.327,0.12,71656895,4.744
741,34.71,1300,2.567875,1.447375,1.346,0.083,41354079,5.3136
742,34.76,1300,2.35825,1.591,1.327,0.004,737776,0.13936
743,34.82,1300,2.301,1.499777777777778,1.3114444444444444,0.079,76486326,2.05318
744,34.87,1300,2.1665,1.4955,1.307,0.019,13128007,0.13934
745,34.92,1300,2.003625,1.591,1.2975,0.002,693905,0.02604
746,34.97,1300,1.994,1.49,1.288,0.05,38465035,0.0305
747,35.02,1300,1.93625,1.485875,1.288,0.057,48216235,0.01954
748,35.07,1300,1.783,1.610375,1.280875,0.003,819610,0.02058
749,35.12,1300,1.783,1.4955,1.269,0.047,37368271,0.02326
750,35.17,1300,1.77325,1.501,1.2771428571428571,0.059,51614003,0.0158
751,35.22,1300,1.632,1.63025,1.269,0.001,660389,0.00946
752,35.27,1300,1.677375,1.524375,1.266625,0.043,35329406,0.013
753,35.32,1300,1.696625,1.524375,1.269,0.061,51495109,0.01576
754,35.37,1300,1.5435,1.639875,1.269,0.003,676411,0.01132
755,35.42,1300,1.5665714285714287,1.534,1.252375,0.039,32388875,0.0113
756,35.48,1300,1.5815,1.51475,1.261875,0.062,54178186,0.012
757,35.52,1300,1.466625,1.63025,1.25,0.003,706044,0.01354
758,35.57,1300,1.51475,1.534,1.25,0.0849999999999999,74358011,0.53172
759,35.63,1300,1.5665714285714287,1.49,1.25,0.027,15722636,0.05338
760,35.68,1300,1.4285,1.63025,1.25,0.003,823900,0.0492
761,35.73,1300,1.466625,1.543625,1.24,0.031,28780820,1.91766
762,35.78,1300,1.486,1.505125,1.25,0.069,60569161,0.12732
763,35.83,1300,1.359,1.633,1.25,0.003,633770,0.02522
764,35.88,1300,1.3905,1.562875,1.23,0.0209999999999999,20790759,0.04994
765,35.93,1300,1.457125,1.505125,1.25,0.083,65873593,0.021
766,35.98,1300,1.36175,1.6495,1.2475,0.003,727611,0.01674
767,36.03,1300,1.4,1.567,1.2328571428571429,0.0209999999999999,20342818,0.01062
768,36.08,1300,1.468,1.4955,1.25,0.085,69122188,0.01254
769,36.13,1300,1.371375,1.639875,1.245,0.002,721925,0.01158
770,36.18,1300,1.3905,1.562875,1.23,0.022,18461659,0.01036
771,36.23,1300,1.4475,1.4955,1.25,0.077,68351617,0.01166
772,36.28,1300,1.337,1.633,1.2375,0.002,776438,0.01382
773,36.33,1300,1.371375,1.562875,1.23,0.0179999999999999,15479035,0.01096
774,36.38,1300,1.438,1.485875,1.2475,0.084,71368039,0.00748
775,36.43,1300,1.332875,1.611,1.24,0.005,705552,0.01406
776,36.48,1300,1.348,1.556,1.23,0.012,12884753,0.00838
777,36.53,1300,1.4285,1.466625,1.245,0.098,76658420,0.011
778,36.58,1300,1.3425,1.59175,1.2475,0.005,690953,0.01716
779,36.63,1300,1.36175,1.543625,1.23,0.0149999999999999,12945828,0.48772
780,36.68,1300,1.4461428571428572,1.468,1.2442857142857142,0.0879999999999999,76884012,1.51984
781,36.73,1300,1.3425,1.601375,1.2475,0.002,707577,0.10828
782,36.78,1300,1.3425,1.562875,1.23,0.0109999999999999,10080256,0.01856
783,36.83,1300,1.419,1.47625,1.2475,0.0909999999999999,77014233,0.02048
784,36.88,1300,1.28475,1.611,1.2385714285714289,0.006,1137926,0.03904
785,36.93,1300,1.304,1.582125,1.23,0.007,6637259,0.00928
786,36.98,1300,1.380875,1.47625,1.245,0.099,82442414,0.0162
787,37.03,1300,1.304,1.601375,1.24,0.002,717705,0.01306
788,37.08,1300,1.275125,1.582125,1.23,0.004,2511446,0.00952
789,37.13,1300,1.37,1.468,1.2425,0.1,84781217,0.0115
790,37.18,1300,1.294375,1.59175,1.2375,0.005,688158,0.01122
791,37.23,1300,1.275125,1.611,1.23,0.003,693583,0.00802
792,37.29,1300,1.36175,1.485875,1.24,0.1009999999999999,86478445,0.0125
793,37.34,1300,1.315,1.578,1.2442857142857142,0.002,642128,0.0079
794,37.39,1300,1.2655,1.63025,1.2325,0.004,687935,0.00888
795,37.44,1300,1.352125,1.4955,1.24,0.109,88766699,0.02004
796,37.49,1300,1.3425,1.55325,1.25,0.004,763791,0.00716
797,37.54,1300,1.304,1.633,1.2442857142857142,0.003,638841,0.0175
798,37.59,1300,1.352125,1.505125,1.2375,0.0529999999999999,47497646,1.9913
799,37.64,1300,1.3425,1.534,1.25,0.054,42398162,0.0853
800,37.69,1300,1.2655,1.620625,1.23,0.004,816194,0.0664
801,37.74,1300,1.352,1.501,1.23,0.049,39703678,0.02446
802,37.79,1300,1.4027142857142858,1.4955,1.2475,0.059,47464599,0.02614
803,37.84,1300,1.3425,1.620625,1.23,0.023,17744384,0.02126
804,37.89,1300,1.419,1.524375,1.23,0.0379999999999999,25142979,0.02452
805,37.94,1300,1.505125,1.47625,1.25,0.073,50420379,0.01258
806,37.99,1300,1.4135714285714287,1.6,1.25,0.004,676683,0.01028
807,38.04,1300,1.4095,1.5725,1.235,0.019,16118433,0.0096
808,38.09,1300,1.4955,1.466625,1.2475,0.0879999999999999,71060628,0.01576
809,38.14,1300,1.390375,1.59175,1.25,0.002,665848,0.00928
810,38.19,1300,1.37,1.589,1.2328571428571429,0.007,2592187,0.00916
811,38.24,1300,1.438,1.47625,1.2425,0.105,84283883,0.009
812,38.29,1300,1.399875,1.55325,1.25,0.003,899325,0.0231
813,38.34,1300,1.352125,1.620625,1.2325,0.043,41780504,0.00936
814,38.39,1300,1.4354285714285713,1.49,1.2385714285714289,0.067,47182906,0.00902
815,38.44,1300,1.447625,1.51475,1.25,0.004,766411,0.00964
816,38.49,1300,1.381,1.620625,1.245,0.005,4360708,0.00948
817,38.54,1300,1.419,1.505125,1.235,0.0769999999999999,72974081,1.99834
818,38.59,1300,1.457,1.49,1.25,0.018,13069206,0.10692
819,38.64,1300,1.342,1.63025,1.2475,0.003,709916,0.02698
820,38.69,1300,1.3905,1.543625,1.2325,0.0439999999999999,41568137,0.05184
821,38.74,1300,1.457,1.485875,1.25,0.07,45427004,0.02312
822,38.79,1300,1.331875,1.611,1.25,0.008,3235265,0.01478
823,38.84,1300,1.3691428571428572,1.5725,1.2375,0.059,58455021,0.01022
824,38.89,1300,1.4475,1.466625,1.2475,0.0459999999999999,32363131,1.68538
825,38.95,1300,1.370375,1.611,1.25,0.0,817077,0.11204
826,38.99,1300,1.361375,1.582125,1.2385714285714289,0.006,3693703,0.02168
827,39.05,1300,1.4461428571428572,1.468,1.245,0.103,83129832,0.02422
828,39.10,1300,1.38,1.59175,1.25,0.006,795878,0.05112
829,39.15,1300,1.351125,1.601375,1.2375,0.004,798470,0.01362
830,39.20,1300,1.428125,1.485875,1.2425,0.089,80928958,0.0097
831,39.25,1300,1.358,1.578,1.25,0.006,745631,0.00806
832,39.30,1300,1.31325,1.620625,1.2325,0.004,905015,0.01098
833,39.35,1300,1.4,1.485875,1.24,0.089,81085909,0.01156
834,39.40,1300,1.34225,1.582125,1.24,0.004,758142,0.00916
835,39.45,1300,1.2928571428571427,1.644,1.23,0.006,776264,0.0093
836,39.50,1300,1.36175,1.51475,1.2375,0.0909999999999999,81401829,0.01922
837,39.55,1300,1.342,1.562875,1.2475,0.004,886838,0.01098
838,39.60,1300,1.28475,1.6495,1.2325,0.001,689270,0.00788
839,39.65,1300,1.348,1.512,1.2328571428571429,0.089,80762874,0.00782
840,39.70,1300,1.352125,1.543625,1.24,0.002,766835,0.00674
841,39.75,1300,1.3515,1.6495,1.23,0.068,9268572,0.34886
842,39.80,1300,1.543375,1.524375,1.2475,0.147,97423253,6.49026
843,39.85,1300,1.687,1.479,1.2635714285714286,0.1,36040964,7.95304
844,39.90,1300,1.7925,1.610375,1.27375,0.151,54954780,8.96138
845,39.95,1300,2.003625,1.5625,1.288,0.155,79418956,9.00424
846,40.01,1300,2.198444444444444,1.422777777777778,1.2985555555555557,0.2019999999999999,61116748,13.27682
